{
    "": 1016994.0, 
    "Directorate-General for Education and Culture": 1069285029.3699999, 
    "Trans-European Transport Network Executive Agency": 746543404.28, 
    "Directorate-General for Agriculture and Rural Development": 31146643.0, 
    "Education, Audiovisual and Culture Executive Agency": 140462026.48000002, 
    "Directorate-General for the Internal Market and Services": 7100000.0, 
    "Directorate-General for Development and Cooperation ? EuropeAid": 2583785852.2, 
    "Eurostat": 1826161.74, 
    "Legal Service": 5000.0, 
    "Joint Research Centre": 43380732.1, 
    "Research Executive Agency": 699546862.7799999, 
    "Directorate-General for Research and Innovation": 3450722388.679998, 
    "European Communities Personnel Selection Office": 252863.24, 
    "Service for Foreign Policy Instruments": 373464604.22999996, 
    "Directorate-General for Health and Consumers": 486986004.16, 
    "missing": 3006604400.3399897, 
    "Directorate-General for Communication": 51623991.64, 
    "Directorate-General for Enlargement": 440411026.37999994, 
    "European Research Council Executive Agency": 804918991.6800001, 
    "Executive Agency for Competitiveness and Innovation": 154667418.61, 
    "Directorate-General for the Environment": 222287798.24, 
    "Publications Office of the European Union": 4906846.65, 
    "Directorate-General for Enterprise and Industry": 1099778696.7800004, 
    "Directorate-General for Mobility and Transport": 422521618.72999996, 
    "Directorate-General for Humanitarian Aid and Civil Protection (ECHO)": 296081879.08, 
    "Directorate-General for Economic and Financial Affairs": 138508690.45, 
    "Directorate-General for Taxation and Customs Union": 46641728.97, 
    "Directorate-General for Home Affairs": 264498319.46, 
    "Directorate-General for Informatics": 61648477.85, 
    "Directorate-General for Maritime Affairs and Fisheries": 266197146.38000003, 
    "Directorate-General for Interpretation": 1413114.21, 
    "Directorate-General for Climate Action": 459590.42, 
    "Office for Infrastructure and Logistics in Luxembourg": 9748564.2, 
    "Office for the Administration and Payment of Individual Entitlements": 184785.25, 
    "Directorate-General for Regional Policy": 41318776.129999995, 
    "Office for Infrastructure and Logistics in Brussels": 19558186.959999997, 
    "Responsible Department": 0, 
    "Directorate-General for Justice": 59034052.12, 
    "Secretariat-General": 2020000.0, 
    "Directorate-General for Trade": 1409700.64, 
    "European Anti-Fraud Office": 3673192.88, 
    "Directorate-General for Energy": 3449299707.3699994, 
    "Directorate-General for Human Resources and Security": 1235215.6600000001, 
    "Executive Agency for Health and Consumers": 20878672.58, 
    "Directorate-General for the Information Society and Media": 1579793656.81, 
    "Directorate-General for Employment, Social Affairs and Inclusion": 76760045.07000001, 
    "Directorate-General for Home Affairs / Directorate-General for Justice": 3551836.56
}