[
    {
        "": {
            "2007": 0, 
            "2008": 0, 
            "2009": 13000.0, 
            "2011": 1109994.0, 
            "2010": 1016994.0, 
            "2013": 1159721.0, 
            "2012": 49727.0
        }
    }, 
    {
        "Agriculture and Rural Development": {
            "2007": 56453144.209999986, 
            "2008": 106640579.82999995, 
            "2009": 67902030.71000004, 
            "2011": 0, 
            "2010": 0, 
            "2013": 0, 
            "2012": 0
        }
    }, 
    {
        "Budget": {
            "2007": 444646152.0, 
            "2008": 651282444.0, 
            "2009": 220980802.86000004, 
            "2011": 0, 
            "2010": 0, 
            "2013": 0, 
            "2012": 0
        }
    }, 
    {
        "Bureau of European Policy Advisers": {
            "2007": 0, 
            "2008": 0, 
            "2009": 436390.55000000005, 
            "2011": 855432.11, 
            "2010": 0, 
            "2013": 4052570.09, 
            "2012": 1510162.0599999998
        }
    }, 
    {
        "Communication": {
            "2007": 113717385.99999999, 
            "2008": 202962114.62999967, 
            "2009": 116874734.65999994, 
            "2011": 0, 
            "2010": 0, 
            "2013": 0, 
            "2012": 0
        }
    }, 
    {
        "Competition": {
            "2007": 0, 
            "2008": 0, 
            "2009": 5871266.17, 
            "2011": 0, 
            "2010": 0, 
            "2013": 0, 
            "2012": 0
        }
    }, 
    {
        "Development": {
            "2007": 13009755.429999992, 
            "2008": 23884014.189999983, 
            "2009": 12696251.51, 
            "2011": 0, 
            "2010": 0, 
            "2013": 0, 
            "2012": 0
        }
    }, 
    {
        "Directorate-General for Agriculture and Rural Development": {
            "2007": 0, 
            "2008": 0, 
            "2009": 0, 
            "2011": 71937585.19, 
            "2010": 31146643.0, 
            "2013": 222468503.7199995, 
            "2012": 59340353.76999997
        }
    }, 
    {
        "Directorate-General for Climate Action": {
            "2007": 0, 
            "2008": 0, 
            "2009": 0, 
            "2011": 21484510.689999998, 
            "2010": 459590.42, 
            "2013": 77205643.61, 
            "2012": 19544612.839999992
        }
    }, 
    {
        "Directorate-General for Communication": {
            "2007": 0, 
            "2008": 0, 
            "2009": 0, 
            "2011": 135755249.11, 
            "2010": 51623991.64, 
            "2013": 508234099.3700001, 
            "2012": 122753885.01999976
        }
    }, 
    {
        "Directorate-General for Communications Networks,Content and Technology": {
            "2007": 0, 
            "2008": 0, 
            "2009": 0, 
            "2011": 0, 
            "2010": 0, 
            "2013": 3426296326.9399953, 
            "2012": 0
        }
    }, 
    {
        "Directorate-General for Competition": {
            "2007": 0, 
            "2008": 0, 
            "2009": 0, 
            "2011": 662345.68, 
            "2010": 0, 
            "2013": 17780050.98, 
            "2012": 6197819.9799999995
        }
    }, 
    {
        "Directorate-General for Development and Cooperation ? EuropeAid": {
            "2007": 0, 
            "2008": 0, 
            "2009": 0, 
            "2011": 2583785852.2, 
            "2010": 2583785852.2, 
            "2013": 2583785852.2, 
            "2012": 0
        }
    }, 
    {
        "Directorate-General for Economic and Financial Affairs": {
            "2007": 0, 
            "2008": 0, 
            "2009": 0, 
            "2011": 153300811.57999998, 
            "2010": 138508690.45, 
            "2013": 212613260.34999982, 
            "2012": 19124772.770000007
        }
    }, 
    {
        "Directorate-General for Education and Culture": {
            "2007": 0, 
            "2008": 0, 
            "2009": 0, 
            "2011": 2353654825.01, 
            "2010": 1069285029.3699999, 
            "2013": 4244572635.670003, 
            "2012": 1544700134.9999998
        }
    }, 
    {
        "Directorate-General for Employment, Social Affairs and Inclusion": {
            "2007": 0, 
            "2008": 0, 
            "2009": 0, 
            "2011": 235245129.35000017, 
            "2010": 76760045.07000001, 
            "2013": 626590461.4199998, 
            "2012": 139257133.41000012
        }
    }, 
    {
        "Directorate-General for Energy": {
            "2007": 0, 
            "2008": 0, 
            "2009": 0, 
            "2011": 3968226311.81, 
            "2010": 3449299707.3699994, 
            "2013": 4629319170.599997, 
            "2012": 227941590.85000005
        }
    }, 
    {
        "Directorate-General for Enlargement": {
            "2007": 0, 
            "2008": 0, 
            "2009": 0, 
            "2011": 975248119.5899997, 
            "2010": 440411026.37999994, 
            "2013": 2230280270.9000015, 
            "2012": 481553284.9100004
        }
    }, 
    {
        "Directorate-General for Enterprise and Industry": {
            "2007": 0, 
            "2008": 0, 
            "2009": 0, 
            "2011": 1535524083.5200014, 
            "2010": 1099778696.7800004, 
            "2013": 2339744884.540002, 
            "2012": 282774994.58000016
        }
    }, 
    {
        "Directorate-General for Health and Consumers": {
            "2007": 0, 
            "2008": 0, 
            "2009": 0, 
            "2011": 992939936.63, 
            "2010": 486986004.16, 
            "2013": 1141685766.2699995, 
            "2012": 47142437.98000004
        }
    }, 
    {
        "Directorate-General for Home Affairs": {
            "2007": 0, 
            "2008": 0, 
            "2009": 0, 
            "2011": 411311630.6900001, 
            "2010": 264498319.46, 
            "2013": 1065609768.6200035, 
            "2012": 224426721.95000008
        }
    }, 
    {
        "Directorate-General for Home Affairs / Directorate-General for Justice": {
            "2007": 0, 
            "2008": 0, 
            "2009": 0, 
            "2011": 3551836.56, 
            "2010": 3551836.56, 
            "2013": 3551836.56, 
            "2012": 0
        }
    }, 
    {
        "Directorate-General for Human Resources and Security": {
            "2007": 0, 
            "2008": 0, 
            "2009": 0, 
            "2011": 7808039.200000002, 
            "2010": 1235215.6600000001, 
            "2013": 429093611.6699993, 
            "2012": 253926909.44999993
        }
    }, 
    {
        "Directorate-General for Humanitarian Aid and Civil Protection (ECHO)": {
            "2007": 0, 
            "2008": 0, 
            "2009": 0, 
            "2011": 886721205.45, 
            "2010": 296081879.08, 
            "2013": 2875360851.2000003, 
            "2012": 590443726.9499997
        }
    }, 
    {
        "Directorate-General for Informatics": {
            "2007": 0, 
            "2008": 0, 
            "2009": 0, 
            "2011": 180401547.93999982, 
            "2010": 61648477.85, 
            "2013": 697562866.2699996, 
            "2012": 167956326.40999994
        }
    }, 
    {
        "Directorate-General for Interpretation": {
            "2007": 0, 
            "2008": 0, 
            "2009": 0, 
            "2011": 4040244.7600000002, 
            "2010": 1413114.21, 
            "2013": 38046187.89, 
            "2012": 12512813.149999997
        }
    }, 
    {
        "Directorate-General for Justice": {
            "2007": 0, 
            "2008": 0, 
            "2009": 0, 
            "2011": 137308191.58, 
            "2010": 59034052.12, 
            "2013": 418060505.15999925, 
            "2012": 123636733.58
        }
    }, 
    {
        "Directorate-General for Maritime Affairs and Fisheries": {
            "2007": 0, 
            "2008": 0, 
            "2009": 0, 
            "2011": 567208501.5399997, 
            "2010": 266197146.38000003, 
            "2013": 693739400.2799993, 
            "2012": 27832123.37999999
        }
    }, 
    {
        "Directorate-General for Mobility and Transport": {
            "2007": 0, 
            "2008": 0, 
            "2009": 0, 
            "2011": 718250252.3999997, 
            "2010": 422521618.72999996, 
            "2013": 859711174.2500002, 
            "2012": 57959049.030000016
        }
    }, 
    {
        "Directorate-General for Regional Policy": {
            "2007": 0, 
            "2008": 0, 
            "2009": 0, 
            "2011": 104984093.95000002, 
            "2010": 41318776.129999995, 
            "2013": 333245796.27000016, 
            "2012": 67297743.55999997
        }
    }, 
    {
        "Directorate-General for Research and Innovation": {
            "2007": 0, 
            "2008": 0, 
            "2009": 0, 
            "2011": 7501905281.549993, 
            "2010": 3450722388.679998, 
            "2013": 20784378485.519974, 
            "2012": 5407781946.970009
        }
    }, 
    {
        "Directorate-General for Taxation and Customs Union": {
            "2007": 0, 
            "2008": 0, 
            "2009": 0, 
            "2011": 128925924.70000002, 
            "2010": 46641728.97, 
            "2013": 408480924.4299994, 
            "2012": 92192860.88999997
        }
    }, 
    {
        "Directorate-General for Trade": {
            "2007": 0, 
            "2008": 0, 
            "2009": 0, 
            "2011": 5518180.6899999995, 
            "2010": 1409700.64, 
            "2013": 41403568.04000004, 
            "2012": 10730542.249999998
        }
    }, 
    {
        "Directorate-General for Translation": {
            "2007": 0, 
            "2008": 0, 
            "2009": 0, 
            "2011": 1278428.76, 
            "2010": 0, 
            "2013": 56309035.51000001, 
            "2012": 17868930.41
        }
    }, 
    {
        "Directorate-General for the Budget": {
            "2007": 0, 
            "2008": 0, 
            "2009": 0, 
            "2011": 3325423.1799999992, 
            "2010": 0, 
            "2013": 37590251.300000034, 
            "2012": 12297058.079999998
        }
    }, 
    {
        "Directorate-General for the Environment": {
            "2007": 0, 
            "2008": 0, 
            "2009": 0, 
            "2011": 559127786.6500001, 
            "2010": 222287798.24, 
            "2013": 1594742094.370001, 
            "2012": 330433834.24
        }
    }, 
    {
        "Directorate-General for the Information Society and Media": {
            "2007": 0, 
            "2008": 0, 
            "2009": 0, 
            "2011": 3041280766.2700014, 
            "2010": 1579793656.81, 
            "2013": 4412015040.150004, 
            "2012": 1370734273.8799996
        }
    }, 
    {
        "Directorate-General for the Internal Market and Services": {
            "2007": 0, 
            "2008": 0, 
            "2009": 0, 
            "2011": 25382229.18, 
            "2010": 7100000.0, 
            "2013": 93441804.82000005, 
            "2012": 21128353.820000008
        }
    }, 
    {
        "Economic and Financial Affairs": {
            "2007": 139542319.55999997, 
            "2008": 210810377.62999988, 
            "2009": 63893234.95, 
            "2011": 0, 
            "2010": 0, 
            "2013": 0, 
            "2012": 0
        }
    }, 
    {
        "Education and Culture": {
            "2007": 960972703.8700004, 
            "2008": 1975787041.6699994, 
            "2009": 1166114054.520002, 
            "2011": 0, 
            "2010": 0, 
            "2013": 0, 
            "2012": 0
        }
    }, 
    {
        "Education, Audiovisual and Culture Executive Agency": {
            "2007": 386169069.8100003, 
            "2008": 896956556.1900002, 
            "2009": 631834479.5100002, 
            "2011": 655315097.6100005, 
            "2010": 140462026.48000002, 
            "2013": 3107702689.920002, 
            "2012": 738524449.2100002
        }
    }, 
    {
        "Employment, Social Affairs and Equal Opportunities": {
            "2007": 176769381.3600001, 
            "2008": 372105824.03000003, 
            "2009": 215035989.27999997, 
            "2011": 0, 
            "2010": 0, 
            "2013": 0, 
            "2012": 0
        }
    }, 
    {
        "Energy and Transport": {
            "2007": 608918354.3399997, 
            "2008": 1728790123.2499988, 
            "2009": 2453132064.6699986, 
            "2011": 0, 
            "2010": 0, 
            "2013": 0, 
            "2012": 0
        }
    }, 
    {
        "Enlargement": {
            "2007": 398765704.7600001, 
            "2008": 957320898.8500012, 
            "2009": 813862663.5399992, 
            "2011": 0, 
            "2010": 0, 
            "2013": 0, 
            "2012": 0
        }
    }, 
    {
        "Enterprise and Industry": {
            "2007": 231408148.79999992, 
            "2008": 584864106.1199999, 
            "2009": 219186184.39, 
            "2011": 0, 
            "2010": 0, 
            "2013": 0, 
            "2012": 0
        }
    }, 
    {
        "Environment": {
            "2007": 91122784.00999999, 
            "2008": 370430371.06999993, 
            "2009": 338042261.7800002, 
            "2011": 0, 
            "2010": 0, 
            "2013": 0, 
            "2012": 0
        }
    }, 
    {
        "EuropeAid Cooperation Office": {
            "2007": 2382217630.2799993, 
            "2008": 5429927268.499996, 
            "2009": 3063569981.0699997, 
            "2011": 0, 
            "2010": 0, 
            "2013": 0, 
            "2012": 0
        }
    }, 
    {
        "European Anti-Fraud Office": {
            "2007": 14397191.080000002, 
            "2008": 34794842.40000003, 
            "2009": 35462091.750000015, 
            "2011": 21192823.410000004, 
            "2010": 3673192.88, 
            "2013": 134530706.6699999, 
            "2012": 35875258.04000002
        }
    }, 
    {
        "European Communities Personnel Selection Office": {
            "2007": 0, 
            "2008": 0, 
            "2009": 0, 
            "2011": 3651593.19, 
            "2010": 252863.24, 
            "2013": 42407366.529999994, 
            "2012": 12859254.84
        }
    }, 
    {
        "European Personnel Selection Office": {
            "2007": 0, 
            "2008": 0, 
            "2009": 6065523.920000002, 
            "2011": 0, 
            "2010": 0, 
            "2013": 0, 
            "2012": 0
        }
    }, 
    {
        "European Research Council Executive Agency": {
            "2007": 0, 
            "2008": 0, 
            "2009": 613517622.3300004, 
            "2011": 2209907249.319999, 
            "2010": 804918991.6800001, 
            "2013": 7008602174.860012, 
            "2012": 1425990976.4399989
        }
    }, 
    {
        "Eurostat": {
            "2007": 40369200.879999995, 
            "2008": 86592944.57, 
            "2009": 55815314.07999995, 
            "2011": 46659194.059999995, 
            "2010": 1826161.74, 
            "2013": 212479254.78, 
            "2012": 58638568.83999999
        }
    }, 
    {
        "Executive Agency for Competitiveness and Innovation": {
            "2007": 0, 
            "2008": 0, 
            "2009": 0, 
            "2011": 389066407.05, 
            "2010": 154667418.61, 
            "2013": 1052572980.6800013, 
            "2012": 211700334.27000007
        }
    }, 
    {
        "Executive Agency for Competitiveness and Innovation (EACI)": {
            "2007": 86031842.13999999, 
            "2008": 309433120.2500001, 
            "2009": 125200937.69000004, 
            "2011": 0, 
            "2010": 0, 
            "2013": 0, 
            "2012": 0
        }
    }, 
    {
        "Executive Agency for Health and Consumers": {
            "2007": 0, 
            "2008": 0, 
            "2009": 0, 
            "2011": 89130388.37000002, 
            "2010": 20878672.58, 
            "2013": 344956617.2800003, 
            "2012": 71904481.80999991
        }
    }, 
    {
        "Executive Agency for Health and Consumers (EAHC)": {
            "2007": 49297975.73000001, 
            "2008": 97034055.83999999, 
            "2009": 51955682.239999995, 
            "2011": 0, 
            "2010": 0, 
            "2013": 0, 
            "2012": 0
        }
    }, 
    {
        "External Relations": {
            "2007": 206928792.60999992, 
            "2008": 631948738.95, 
            "2009": 482682987.26000094, 
            "2011": 0, 
            "2010": 0, 
            "2013": 0, 
            "2012": 0
        }
    }, 
    {
        "Health and Consumers": {
            "2007": 363937368.2800003, 
            "2008": 816234096.7600008, 
            "2009": 578430106.6099994, 
            "2011": 0, 
            "2010": 0, 
            "2013": 0, 
            "2012": 0
        }
    }, 
    {
        "Humanitarian Aid": {
            "2007": 450238716.45000005, 
            "2008": 863223337.1700004, 
            "2009": 405890750.6499998, 
            "2011": 0, 
            "2010": 0, 
            "2013": 0, 
            "2012": 0
        }
    }, 
    {
        "Informatics": {
            "2007": 29870148.150000002, 
            "2008": 50391028.350000024, 
            "2009": 153288493.10000062, 
            "2011": 0, 
            "2010": 0, 
            "2013": 0, 
            "2012": 0
        }
    }, 
    {
        "Information Society and Media": {
            "2007": 1235642432.46, 
            "2008": 2434749955.9300017, 
            "2009": 1180844959.5299983, 
            "2011": 0, 
            "2010": 0, 
            "2013": 0, 
            "2012": 0
        }
    }, 
    {
        "Infrastructures and Logistics - Brussels": {
            "2007": 0, 
            "2008": 0, 
            "2009": 291176841.5299999, 
            "2011": 0, 
            "2010": 0, 
            "2013": 0, 
            "2012": 0
        }
    }, 
    {
        "Infrastructures and Logistics - Luxembourg": {
            "2007": 0, 
            "2008": 0, 
            "2009": 81451018.17000002, 
            "2011": 0, 
            "2010": 0, 
            "2013": 0, 
            "2012": 0
        }
    }, 
    {
        "Internal Audit Service": {
            "2007": 0, 
            "2008": 0, 
            "2009": 230654.61, 
            "2011": 0, 
            "2010": 0, 
            "2013": 1418383.7699999998, 
            "2012": 416793.65
        }
    }, 
    {
        "Internal Market and Services": {
            "2007": 6942434.24, 
            "2008": 14602807.04, 
            "2009": 9263540.969999999, 
            "2011": 0, 
            "2010": 0, 
            "2013": 0, 
            "2012": 0
        }
    }, 
    {
        "Interpretation": {
            "2007": 0, 
            "2008": 0, 
            "2009": 9036502.659999996, 
            "2011": 0, 
            "2010": 0, 
            "2013": 0, 
            "2012": 0
        }
    }, 
    {
        "Joint Research Centre": {
            "2007": 180039964.22000012, 
            "2008": 264701811.37999982, 
            "2009": 153532989.68999898, 
            "2011": 162887881.4400001, 
            "2010": 43380732.1, 
            "2013": 880016619.899998, 
            "2012": 206937916.4200002
        }
    }, 
    {
        "Justice, Freedom and Security": {
            "2007": 182418054.78999972, 
            "2008": 500521168.0499999, 
            "2009": 345514313.1699997, 
            "2011": 0, 
            "2010": 0, 
            "2013": 0, 
            "2012": 0
        }
    }, 
    {
        "Legal Service": {
            "2007": 0, 
            "2008": 0, 
            "2009": 1654096.3799999992, 
            "2011": 142424.25, 
            "2010": 5000.0, 
            "2013": 15382867.05, 
            "2012": 4810475.3
        }
    }, 
    {
        "Maritime Affairs and Fisheries": {
            "2007": 251746567.80999994, 
            "2008": 567368265.6100001, 
            "2009": 298336695.0399998, 
            "2011": 0, 
            "2010": 0, 
            "2013": 0, 
            "2012": 0
        }
    }, 
    {
        "Office for Administration and Payment of Individual Entitlements": {
            "2007": 0, 
            "2008": 0, 
            "2009": 12382646.540000003, 
            "2011": 0, 
            "2010": 0, 
            "2013": 0, 
            "2012": 0
        }
    }, 
    {
        "Office for Infrastructure and Logistics in Brussels": {
            "2007": 0, 
            "2008": 0, 
            "2009": 0, 
            "2011": 46375992.25000001, 
            "2010": 19558186.959999997, 
            "2013": 641339787.9300004, 
            "2012": 23816539.69999998
        }
    }, 
    {
        "Office for Infrastructure and Logistics in Luxembourg": {
            "2007": 0, 
            "2008": 0, 
            "2009": 0, 
            "2011": 24611129.44000001, 
            "2010": 9748564.2, 
            "2013": 277922447.2899998, 
            "2012": 85536082.06999996
        }
    }, 
    {
        "Office for the Administration and Payment of Individual Entitlements": {
            "2007": 0, 
            "2008": 0, 
            "2009": 0, 
            "2011": 4081482.1400000006, 
            "2010": 184785.25, 
            "2013": 58985593.27000012, 
            "2012": 12872042.490000006
        }
    }, 
    {
        "Personnel and Administration": {
            "2007": 0, 
            "2008": 1000000.0, 
            "2009": 203091773.42999995, 
            "2011": 0, 
            "2010": 0, 
            "2013": 0, 
            "2012": 0
        }
    }, 
    {
        "Publications Office": {
            "2007": 27065668.67999999, 
            "2008": 40657138.68999998, 
            "2009": 54193595.01000003, 
            "2011": 0, 
            "2010": 0, 
            "2013": 0, 
            "2012": 0
        }
    }, 
    {
        "Publications Office of the European Union": {
            "2007": 0, 
            "2008": 0, 
            "2009": 0, 
            "2011": 19614579.67, 
            "2010": 4906846.65, 
            "2013": 201893231.29999977, 
            "2012": 59805508.570000015
        }
    }, 
    {
        "Regional Policy": {
            "2007": 32211322.599999998, 
            "2008": 78443747.90999992, 
            "2009": 40250827.479999974, 
            "2011": 0, 
            "2010": 0, 
            "2013": 0, 
            "2012": 0
        }
    }, 
    {
        "Research": {
            "2007": 1498673223.6100008, 
            "2008": 5690379216.680005, 
            "2009": 3877015604.740001, 
            "2011": 0, 
            "2010": 0, 
            "2013": 0, 
            "2012": 0
        }
    }, 
    {
        "Research Executive Agency": {
            "2007": 0, 
            "2008": 0, 
            "2009": 869063997.7399993, 
            "2011": 1940776362.8999774, 
            "2010": 699546862.7799999, 
            "2013": 6489344169.829919, 
            "2012": 1426397342.730021
        }
    }, 
    {
        "Responsible Department": {
            "2007": 0, 
            "2008": 0, 
            "2009": 0, 
            "2011": 0, 
            "2010": 0, 
            "2013": 0, 
            "2012": 0
        }
    }, 
    {
        "Secretariat-General": {
            "2007": 0, 
            "2008": 0, 
            "2009": 11547626.639999997, 
            "2011": 5984355.7, 
            "2010": 2020000.0, 
            "2013": 41656518.23000005, 
            "2012": 12747235.730000006
        }
    }, 
    {
        "Service for Foreign Policy Instruments": {
            "2007": 0, 
            "2008": 0, 
            "2009": 0, 
            "2011": 551249792.0300001, 
            "2010": 373464604.22999996, 
            "2013": 1020862928.3500007, 
            "2012": 158669229.64
        }
    }, 
    {
        "Taxation and Customs Union": {
            "2007": 53036235.03000001, 
            "2008": 119166467.11999997, 
            "2009": 68894439.43, 
            "2011": 0, 
            "2010": 0, 
            "2013": 0, 
            "2012": 0
        }
    }, 
    {
        "Trade": {
            "2007": 10066434.76, 
            "2008": 17036854.230000004, 
            "2009": 11930658.249999996, 
            "2011": 0, 
            "2010": 0, 
            "2013": 0, 
            "2012": 0
        }
    }, 
    {
        "Trans-European Transport Network Executive Agency": {
            "2007": 0, 
            "2008": 1524527155.4, 
            "2009": 836383259.38, 
            "2011": 1466876581.58, 
            "2010": 746543404.28, 
            "2013": 5293093257.019999, 
            "2012": 1223537669.1399999
        }
    }, 
    {
        "Translation": {
            "2007": 0, 
            "2008": 0, 
            "2009": 3588174.2000000016, 
            "2011": 0, 
            "2010": 0, 
            "2013": 0, 
            "2012": 0
        }
    }, 
    {
        "missing": {
            "2007": 0, 
            "2008": 0, 
            "2009": 0, 
            "2011": 6369421779.679997, 
            "2010": 3006604400.3399897, 
            "2013": 10430865964.079826, 
            "2012": 4061444184.4000034
        }
    }
]